Village,pH,N,P,K,OC,Fe
ACHAPA,7.395303370786519,182.10093023255808,14.253563218390815,424.98833333333334,0.4944943820224717,10.064269662921351
AMALA,7.103500000000002,249.4523809523809,16.398500000000002,365.071658,0.5233333333333332,15.020809523809529
ASALI,7.443285714285714,197.32428571428574,12.018636363636361,425.1751428571429,0.5200000000000001,8.095714285714289
ASTAMBA,7.422480620155034,168.23740157480313,12.353304347826082,423.09,0.4573643410852719,7.916201550387592
BHANOLI,7.625,238.15,12.374545454545455,405.684,0.5525000000000001,14.765833333333333
BHOGAWADE BK,7.102727272727273,129.53636363636366,15.45727272727273,416.66909090909087,0.242,16.819000000000003
BHOGAWADE KH,7.227716535433069,197.0043174603175,14.188160000000005,441.8047619047618,0.4436377952755906,11.566141732283453
BHUJGAON,7.5379999999999985,207.95833333333331,19.249666666666666,461.198,0.4728333333333333,10.008666666666663
BIJARI,7.485714285714286,178.5,12.089761904761898,455.61904761904765,0.533452380952381,7.186024096385544
BILBARPADA,7.451999999999999,209.84,10.620454545454542,370.1792,0.42,6.753999999999999
BORWAN,7.454102564102566,211.65866666666668,11.895285714285716,408.888,0.4973076923076922,9.950800000000003
CHANDSAILI,7.23529411764706,155.94736842105263,12.82941176470588,471.5263157894737,0.5933333333333333,8.08529411764706
CHHAPARI,7.501445783132527,193.71925,12.830361445783133,332.54156626506017,0.4255696202531645,9.607590361445784
CHHINALKUWA,7.430000000000002,182.05263157894737,13.01254545454545,463.6727272727273,0.5199999999999997,7.4884482758620665
CHINCHKATHI,7.303103448275862,188.4784375,16.650967741935478,394.99875000000014,0.3853125000000001,15.599375
CHIPPAL,7.511269841269843,188.0492063492064,11.37596774193548,430.10016129032255,0.4607812500000001,8.048870967741934
CHITTAR,7.51,136.0,11.152999999999999,423.33333333333326,0.43700000000000006,6.1709999999999985
CHONDWADE BK,7.309464285714286,266.56727272727267,19.686363636363637,492.88000000000005,0.5427678571428571,12.841482142857142
CHONDWADE KH,7.538695652173914,268.6282608695652,11.028571428571428,386.6017391304348,0.38891304347826094,11.004545454545458
CHULWAD,7.387962962962963,132.8313725490196,12.343888888888895,349.21428571428567,0.4938888888888887,6.330943396226416
DHADGAON,7.524621848739487,145.6545217391304,13.563499999999992,366.7861666666665,0.4273333333333334,11.868508333333313
DHANAJE BK,7.417557251908398,87.71716417910449,11.919047619047625,321.3562222222222,0.4455925925925929,9.975777777777775
DHANAJE KH,7.378214285714287,0.0,16.310333333333332,278.82099999999997,0.36,11.116666666666667
GAURYA,7.5874100719424495,161.7122302158273,11.982086330935251,471.075,0.5179136690647486,8.211294964028777
GHATLI,7.471616161616162,121.02076000000001,15.290309278350511,394.07696969696985,0.425643564356436,12.869960396039588
GODAMBA,7.329857142857143,208.79753424657528,18.11084507042254,375.48650904109564,0.437972602739726,15.55616438356164
HARANKHURI,7.596078431372546,184.284,17.996862745098035,447.86274509803917,0.4357843137254903,9.420000000000002
HATDHUI,7.5279310344827595,184.34615384615384,17.14103448275862,428.1531034482759,0.4575862068965517,9.063928571428573
JALOLA,7.486806451612903,268.964705882353,17.580558823529415,362.16323529411767,0.606029411764706,15.785454545454545
JAMANVAHI,7.407999999999999,165.48,11.9476,419.56,0.5127999999999999,5.758399999999999
JUGANI,7.3574285714285725,142.01272727272723,16.137999999999998,339.613125,0.29954545454545456,17.33257142857143
KAKARDA,7.4801999999999955,141.85059405940598,16.418208955223893,372.05975124378097,0.443539603960396,12.204500000000005
KAKARPATI,7.419246575342469,181.05475862068957,14.36875,347.51056338028167,0.4000000000000004,10.681048951048949
KALIBEL,7.526336633663358,129.2801020408161,16.013399014778336,402.2679411764702,0.3594088669950733,11.859211822660079
KAMOD,7.233636363636363,139.00095238095238,14.572727272727274,385.71818181818185,0.3616818181818182,12.76818181818182
KAMOD KH,7.3345,0.0,16.11775,270.10200000000003,0.51325,13.794500000000005
KATRI,7.481264705882348,182.6055414201183,15.554537764350464,368.40794117647033,0.4604188790560474,11.331661721068235
KELA BK,7.382352941176469,193.35294117647058,11.704117647058823,415.05882352941177,0.5700000000000001,6.922941176470588
KELA KH,7.548192771084339,167.1925301204819,11.946506024096374,448.710843373494,0.4712048192771085,6.68879518072289
KELAPANI,7.439710144927536,163.858102189781,11.767720588235292,458.91109489051087,0.5597709923664121,7.118947368421054
KHADKI,7.353191489361705,163.47916666666666,11.758958333333332,489.5625,0.4754166666666666,6.991874999999998
KHADKYA,7.468387096774193,200.5676470588235,17.75558823529412,308.42352941176466,0.44235294117647056,15.654705882352939
KHAMALA,7.426734693877549,188.7988235294117,13.8912,393.08372549019606,0.4224509803921569,14.718823529411758
KHANBARA,7.473702422145322,143.6292096219931,15.131793893129778,354.14598566308234,0.4515910652920955,10.599675958188154
KHARDA,7.285774647887317,173.2137837837838,13.192391304347822,451.50862745098055,0.4305483870967747,10.300909090909082
KHARDI BK,7.208571428571429,200.05714285714288,14.934285714285714,356.3235714285715,0.4276923076923077,13.743571428571427
KHARDI KH,7.674999999999998,123.65,13.908181818181815,438.58333333333326,0.5554166666666666,7.768181818181818
KHARWAD,7.430704225352112,255.50714285714287,14.305942028985505,400.88865671641787,0.5113380281690141,9.067121212121213
KHUNTAMODI,7.3900778210116735,138.0841245136187,16.914960629921254,370.08189105058375,0.3861050583657585,12.535156250000002
KHUSHGAVHAN,7.314060150375936,218.27166666666665,16.907368421052627,397.8645925925925,0.4648432835820896,14.140222222222222
KHUTWADA,7.727333333333332,185.52,11.951999999999998,426.8571428571428,0.564,7.944000000000001
KUKTAR,7.402380952380952,214.421875,14.464090909090912,432.02041666666673,0.4663541666666667,13.53291666666667
KUNDAL,7.512051282051284,254.85512820512818,26.22368421052633,520.4257333333333,0.5496153846153851,12.112564102564109
KUNDYA,7.3971428571428595,210.96473684210528,20.495,395.44275862068963,0.42784482758620695,14.843965517241376
KUSUMVERI,7.348305084745762,203.67916666666667,15.621186440677972,376.60100000000006,0.4220833333333332,9.53559322033898
MAKADKUND,7.342272727272729,149.23636363636362,13.490833333333333,454.6627272727273,0.5539999999999999,6.2620000000000005
MAL,7.573611111111113,153.28169014084506,13.012089552238805,462.54285714285714,0.4915277777777778,7.488055555555554
MANKHEDI BK,7.415595238095236,149.173875,12.003417721518993,396.335125,0.3995454545454543,9.142923076923076
MANKHEDI KH,7.572058823529412,144.55628571428576,11.445,349.7588571428572,0.4194285714285715,12.11623529411765
MANWANI BK,7.308714285714285,143.29506944444444,11.437183098591547,395.3429850746268,0.44504109589041096,9.060833333333333
MANWANI KH,7.334736842105262,171.50466666666662,11.662083333333335,430.16236842105263,0.444421052631579,7.588550724637681
MOJARA,7.573191489361702,206.4931914893617,13.015238095238097,423.71790697674413,0.4791489361702128,9.555319148936167
MOKH BK,7.372727272727274,210.72727272727272,11.57181818181818,396.4090909090909,0.5350000000000001,7.027727272727272
MOKH KH,7.456666666666668,193.90322580645162,12.166774193548383,463.77419354838713,0.4558620689655171,6.960645161290321
MUNDALGAON,7.204807692307692,154.18,14.401960784313724,409.8835294117646,0.4119230769230769,10.275192307692311
MUNDALWAD,7.303749999999992,115.51033980582524,15.185637254901962,418.31004901960785,0.4062682926829271,11.09936274509804
NAL GAVHAN,7.28448275862069,195.50966666666665,17.099,378.2283333333335,0.37866666666666665,14.660357142857144
NANDALWAD,7.23561403508772,173.7357894736842,12.622518518518515,418.6654545454545,0.4271929824561401,11.094385964912277
NAWEGAON,7.463225806451613,227.27419354838716,11.058620689655173,401.9666666666666,0.4843333333333331,10.922580645161297
NIGADI,7.535714285714286,151.1818181818182,12.695909090909096,461.8181818181818,0.41318181818181815,7.093181818181818
PADALI,7.449680851063827,193.9393617021276,14.371684210526311,407.9290721649485,0.4194680851063831,8.974680851063829
PADAMUND,7.214999999999996,197.433,15.414600000000013,395.8116,0.39320000000000016,7.71885
PALKHA,7.455263157894738,148.72719298245616,14.1578431372549,342.35978723404264,0.4841228070175437,11.671607142857145
PANBARI,7.471260504201683,142.14683333333338,13.969237288135606,387.6497499999999,0.4234583333333335,9.756355932203396
PIMPRI,7.3738372093023274,191.8894117647059,11.704404761904756,416.14829268292686,0.4806976744186045,8.53569620253165
RADIKALAM,7.4514876033057895,176.9494308943089,11.29017543859649,401.9650434782608,0.4441463414634146,7.5945871559633025
RAJBARDI,7.472043010752689,174.27956989247312,12.786781609195394,474.3068181818182,0.4923655913978494,7.148817204301079
RAMSALA,7.141250000000001,218.19538461538457,15.92984615384615,325.8658461538462,0.4729230769230768,9.633138461538456
ROSHAMAL BK,7.443930348258707,228.55412935323375,14.184202127659583,401.8904324324325,0.5108059701492542,11.499074626865664
SIRSANI,7.639436619718312,120.63157894736842,13.352463768115948,427.8358208955224,0.5470833333333335,6.7232361111111105
SISA,7.361266666666678,128.81402173913042,12.77940594059406,375.69917525773184,0.4131428571428574,10.427619047619043
SOMANE,7.3880991735537185,162.53456,12.943947368421039,381.64968503937,0.394828125,8.449181818181815
SON KH,7.282799999999999,219.3924,16.740666666666666,419.6548,0.4593333333333333,12.806400000000005
SURWANI,7.597777777777778,228.51422535211262,17.613571428571426,408.09819672131164,0.5012499999999999,11.753611111111116
TALAI,7.459538461538461,159.27653543307082,13.709391304347818,429.0731746031746,0.4108461538461539,9.061475409836072
TEMBHALA,7.432545454545454,64.85892857142856,13.327599999999995,305.33428571428584,0.48038181818181797,10.373454545454543
TINASMAL,7.619999999999999,161.92,12.6448,438.3043478260869,0.5456,7.908333333333332
TORANMAL (JUNE),7.335535714285712,119.41683760683762,16.11299145299145,341.792735042735,0.4190598290598291,13.874434782608695
TORANMAL (NEW),7.54,165.50312499999995,19.23058823529412,316.37571428571425,0.34264705882352936,11.671176470588234
UMARANI BK,7.422733812949639,181.33607142857144,12.801940298507464,390.29524285714285,0.5045804195804198,5.536838235294118
UMARANI KH,7.567368421052632,232.6210526315789,12.950555555555557,273.92833333333334,0.4877368421052632,10.96684210526316
VADFALYA (CT),7.479361702127665,167.1112765957447,15.844255319148944,451.7671111111112,0.43659574468085105,8.490425531914893
VALVAL,7.264285714285713,167.05,12.315499999999998,482.6,0.35727272727272724,6.629
VARKHEDI BK,7.458356164383563,127.05479452054794,14.13820895522387,454.48612244897964,0.4504520547945206,7.5484745762711825
VARKHEDI KH,7.6046153846153866,85.6644230769231,15.393399999999993,399.79230769230765,0.5641666666666664,8.876153846153848
VELKHEDI,7.411046511627907,113.05418604651165,14.809999999999993,319.5432941176471,0.4385581395348837,11.92809523809524
AKKALKUWA (CT),7.668124999999997,176.92249999999993,24.05187500000001,340.2748936170213,0.24437500000000004,4.8365957446808485
ALIVIHIR,7.480645161290322,201.35193548387096,23.107741935483862,321.425,0.4019354838709679,12.563870967741938
AMALI,7.830625000000002,170.42857142857142,19.95183673469388,419.8326530612246,0.3016326530612245,5.7681632653061214
AMALI BARI,6.871764705882351,190.2905882352941,15.551212121212124,247.11019354838714,0.4495588235294117,25.00939393939394
AMALIPHALI,6.833571428571429,249.2033333333333,49.71933333333333,247.712,0.7902666666666666,36.75733333333334
AMBABARI,7.781599999999997,0.0,30.296799999999994,451.3739130434782,0.4927999999999999,4.6596
AMBARIBAR,7.726129032258063,205.15322580645162,25.466666666666665,484.47612903225814,0.40828125,3.3840000000000012
ANKUSHVIHIR (BRI),7.661010101010102,197.01071428571439,21.779655172413797,374.38019999999983,0.3862872340425532,12.289411764705884
ARETHI,7.3185,187.63,23.72900000000001,294.728,0.2897222222222223,18.4985
BAGDA,7.515063157894742,182.22086021505376,19.536354166666676,310.34776595744665,0.4865104166666666,14.261562500000009
BALAGHAT,7.600500000000001,180.71123076923072,23.076417910447763,294.6470298507462,0.3620454545454545,15.347164179104483
BAMANGAON,7.54375,245.1739024390244,17.505390243902443,290.56975609756086,0.5460975609756097,22.9936
BAMANI,7.910799999999999,169.26,23.9812,345.9904,0.2452000000000001,3.0507999999999997
BARDI,7.586499999999997,194.03156363636361,21.234272727272728,280.8656363636365,0.3701851851851853,14.770909090909088
BARISUGAS,7.701730769230768,200.2973076923077,22.586226415094337,303.86,0.4542452830188679,10.674905660377359
BEDAKUND,6.589056603773584,181.02842857142852,17.075686274509803,191.95266666666663,0.4008035714285714,24.85035714285717
BETI,7.069285714285715,157.6935714285714,9.041538461538464,282.9414285714286,0.6060714285714287,14.731428571428571
BHABALPUR,7.743750000000002,190.64083333333335,23.50478260869565,339.1030612244898,0.2783720930232558,13.624285714285712
BHAGDARI,7.6082831325301195,170.78442424242428,19.797054216867448,330.7301681927711,0.2823684210526319,8.807132530120482
BHANGRAPANI,6.783493975903614,188.47477777777766,25.02589743589744,345.98424999999986,0.3921951219512197,18.009756097560974
BHARADIPADAR,7.2868749999999975,140.5590736842105,32.375,459.727368181818,0.4886947368421053,16.48354166666667
BHARKUND,6.6468181818181815,170.87454545454543,18.104761904761904,186.26,0.4176190476190477,25.17227272727273
BHOVARA,7.779642857142856,166.65733333333338,24.67888888888889,366.0958620689657,0.2822222222222222,4.334444444444443
BIJALIGAVHAN,7.306481481481483,193.9897407407408,25.168285714285712,288.07607476635513,0.32280952380952377,11.736944444444443
BIJARIPATI,7.409058823529415,209.87079545454543,23.829629629629636,298.8676136363636,0.3653678160919541,16.955977011494248
BORIPADA,7.708666666666668,190.31,17.4054,262.206875,0.5268750000000001,18.653125
CHANWAI,7.265151515151514,212.04474747474745,23.57624999999999,315.88393939393944,0.40016161616161616,18.72434343434343
CHAPADI,7.388281562499998,157.12047619047618,22.418032786885252,286.01967741935493,0.35896825396825405,16.97071875
CHHOTE UDEPUR,6.983529411764707,195.55588235294118,18.57647058823529,253.08375,0.5270588235294118,19.55
CHIKHALI,7.565730337078648,134.46036734693877,21.639795918367344,353.40412371134016,0.4066041666666665,10.991134020618556
CHIMALKHADI,7.093414634146343,257.6617948717949,23.85575,268.28439024390235,0.4610731707317074,16.793707317073178
CHIVALUTAR,7.654598540145986,211.63303649635026,20.39386861313868,314.6782352941177,0.4119416058394161,12.533102941176471
DAB,7.286842105263168,191.84278461538443,23.305767790262184,286.2071302816898,0.3363890909090906,16.747211267605632
DAHEL,7.5281012658227855,220.00255421686748,20.0829268292683,282.78804878048777,0.6183132530120483,22.256829268292684
DANEL,7.7144642857142856,251.3225,8.134107142857143,510.7728571428571,0.3857142857142858,3.6085714285714285
DARASARAPADAR,7.812499999999999,0.0,32.49734693877551,449.2260824742268,0.3792857142857144,3.5701052631578927
DEOMOGARANAGAR,7.445820895522393,219.99901408450702,24.742318840579706,302.91661971830985,0.5352571428571429,17.03545714285714
DHEBRAMAL,7.4325,185.46714285714282,23.510740740740733,296.75999999999993,0.2634,12.758571428571427
DIGIAMBA,7.228333333333333,173.10666666666665,24.46866666666667,343.51199999999994,0.24965517241379315,4.692222222222221
DODWA,7.433942857142858,92.43514124293785,22.30325714285716,401.60754285714273,0.518693181818182,6.715705128205129
DOGRIPADA,7.406792452830184,0.0,33.565750754717,431.4000943396228,0.4550971698113208,2.022571428571429
GADWANI,7.712833333333335,182.4265901639344,21.243620689655174,396.0771875,0.3976229508196722,3.613773584905661
GALOTHA KH,7.772985074626861,187.43246376811595,24.246764705882352,366.28188405797096,0.2466666666666667,4.175507246376815
GAMAN,7.650625,170.7098648648649,22.012375,322.0460759493671,0.2605147058823529,11.2133
GANGAPUR,7.4709523809523795,191.1295454545454,18.624347826086954,242.2742857142857,0.5523478260869563,20.69318181818182
GAVHALI,7.23909090909091,155.53545454545454,14.258695652173914,262.03826086956525,0.4639130434782608,17.97772727272727
GHANTANI,7.7904761904761894,176.11363636363637,23.23909090909091,358.52863636363645,0.2536363636363637,4.6393181818181795
GHUNSI,7.603157894736844,0.0,31.50839285714286,449.246140350877,0.4617543859649122,4.149649122807016
GOTPADA,7.606893203883496,0.0,32.632005809523804,441.6336538461538,0.4585904761904761,4.127857142857144
HORAFALI,7.636956521739128,181.1678260869565,16.88434782608696,377.12,0.4486956521739133,6.072028985507249
HUNAKHAMB,7.390348837209301,157.80424175824174,23.29611111111112,308.5658241758242,0.3690795454545455,14.283296703296704
JAMALI (KA),7.487672955974843,155.2723899371069,18.57025316455697,403.65138364779887,0.3875471698113213,5.186815286624206
JAMALI (UMAR-KUWA),7.8311363636363645,167.46279069767442,26.53356818181818,355.2436363636364,0.24209302325581405,4.621363636363637
JAMANA,7.567343750000001,168.20125984251968,16.129921875,422.5125,0.4094531250000001,5.246640624999999
JAMBIPANI,7.6831325301204805,180.3165060240964,26.454933333333322,328.3475,0.2425352112676057,4.45463768115942
JANGATHI,7.41134831460674,186.86977272727268,22.27117582417583,295.03633333333335,0.31532558139534883,10.503913043478262
JANIAMBA,8.164871794871798,179.46923076923076,23.761538461538464,372.96,0.2589743589743589,4.6820512820512805
JUGALKHET,7.69448275862069,171.98275862068962,26.322413793103447,329.3141379310345,0.24793103448275866,3.8334615384615387
JUNANAGARMUTHAS,8.067142857142857,184.22727272727272,22.732727272727274,356.4372727272728,0.2650000000000001,4.4954090909090905
JUNWANI,7.4620000000000015,162.064,13.574000000000002,225.22,0.6113636363636364,13.5325
KADWA MAHU,7.320681818181818,208.6515909090909,14.906250000000005,394.80622222222223,0.5111111111111113,7.783428571428571
KAKADKHUNT,7.720333333333336,0.0,29.16166666666665,398.34313868613145,0.37281746031746027,6.613582089552238
KAKDIAMBA,7.133333333333333,223.38259259259263,16.675925925925927,260.9446153846154,0.5702222222222223,18.592692307692307
KAKERPADA,7.534782608695654,203.85902173913047,21.72636363636363,299.35652173913036,0.4332826086956522,11.015
KANEL,7.783469387755103,145.2594,23.738000000000003,357.93980000000016,0.21291666666666664,3.8420408163265294
KANJALA,7.752666666666666,199.03066666666663,21.27133333333333,443.52,0.3280000000000001,4.298666666666667
KANJANI,7.656857142857143,165.48942857142856,24.044285714285717,363.26142857142855,0.2485714285714286,3.8729417142857137
KANKALAMAL,7.63969696969697,0.0,29.25585185185185,404.5242537313433,0.4672574626865669,4.4538317757009365
KATASKHAI,7.85642857142857,222.51464285714286,22.138571428571428,287.5014285714285,0.4473214285714286,12.0125
KATHI,7.54356435643563,162.98321782178218,15.786039603960395,436.25174129353235,0.4352475247524756,6.022288557213942
KAWALI GAVHAN,7.5069767441860495,172.20454545454547,12.832926829268295,466.9,0.5199999999999997,6.927999999999997
KEWADI,7.888421052631582,159.32203389830508,16.272033898305075,428.4657627118644,0.3937288135593218,5.83271186440678
KHADAKAPANI,6.9833333333333325,102.17741176470587,22.163095238095234,329.7595294117646,0.4820588235294118,12.30047058823529
KHADKUNA,7.391136363636362,47.11000000000001,26.02937431818182,387.68837209302313,0.4682954545454546,5.578409090909092
KHAI,7.320240963855423,233.35565476190476,15.098190123456789,276.65518095238093,0.5336785714285714,18.362179487179493
KHAPAR (CT),7.5726219512195145,78.45605529411762,29.040754764705877,371.65047058823546,0.5136331360946746,15.134652941176471
KHATKUWA,7.738571428571429,174.2521621621621,24.012432432432426,357.40108108108114,0.2375675675675676,4.7918918918918925
KHODASBARA,7.857142857142858,233.08857142857144,17.945306122448983,451.8931249999998,0.28023809523809523,3.5545833333333348
KHODI,7.588000000000003,251.976,16.3715,253.57225,0.6118749999999998,19.00189189189189
KHUNTAGAVHAN,7.751500000000003,159.69086956521738,12.236521739130433,473.09090909090907,0.4617391304347825,5.782857142857144
KHURCHIMAL,7.5,173.55555555555554,12.227777777777774,495.0,0.3894444444444444,8.403636363636364
KOLAVI,7.64,176.93684210526314,23.67789473684211,381.6455555555555,0.33684210526315783,5.224210526315789
KOLAVIMAL,7.606275449101798,219.58716304347817,22.692617977528077,321.87687826086966,0.4898076923076924,14.410016304347826
KORAI,7.920240384615378,167.27941176470586,26.494951923076922,346.70120192307724,0.24093137254901975,4.3084390243902435
KOTHALI,7.180612244897961,167.69938775510204,17.48448979591836,286.9971428571429,0.4559285714285716,15.578312244897962
KOYALIVIHIR,7.610526315789474,168.023947368421,23.82473684210527,338.7365789473684,0.2443243243243243,4.132702702702703
KUKADIPADAR,7.3879591836734715,177.16744680851062,23.970625,300.4344897959185,0.3030434782608696,17.21979166666667
KUWA,7.483365384615383,140.2121904761905,20.791580776699032,323.43085714285706,0.4941057692307692,15.515009523809528
LALPUR,7.534690909090909,22.779811320754714,29.65467741935483,371.1009677419355,0.35836206896551714,6.898771929824562
MAHUKHADI,7.701696428571426,0.0,33.543418803418795,436.33094827586206,0.39482758620689656,4.292924528301884
MAHUPADA,7.580869565217389,0.0,30.86232323232323,442.2162244897958,0.477777777777778,3.6806451612903226
MAKRANIFALI (CT),7.679393939393938,193.48151515151508,24.343030303030304,342.9078787878788,0.244375,4.016969696969697
MALPADA,7.570673076923076,181.23346153846157,15.723461538461535,416.35,0.4578846153846154,5.862596153846155
MANDARA,7.219924242424238,69.71732824427481,29.045975757575732,389.38340909090897,0.5409848484848484,7.785386363636364
MANDAVIAMBA,7.9094827586206895,177.41379310344828,24.968644067796607,369.1627118644069,0.25610169491525425,3.962033898305084
MANDAWA,7.962307692307691,173.82357142857148,24.072857142857146,350.4,0.2784615384615385,4.09
MANIBELI,7.6328,147.47136,21.0932,317.67680000000007,0.23875,10.8304
MITHYAFALI,7.599555555555557,174.22222222222214,24.62266666666667,361.3386666666667,0.2397777777777778,4.8182222222222215
MOGRA,7.391025641025642,156.3684210526316,12.37538461538461,435.2207792207792,0.42289473684210543,6.428205128205131
MOKAS,7.958749999999998,153.72,23.9652,347.84759999999994,0.222,4.076086956521738
MOLGI,7.555853658536582,179.55186046511622,22.038389830508475,334.91619047619037,0.4272868217054264,12.276307692307695
MORAMBA,7.278193832599123,105.49307964601769,31.919557840375575,381.2740094339624,0.4998429824561402,20.151109649122816
MORHI,7.5171052631578945,173.27105263157898,16.339736842105264,397.3826315789474,0.4636842105263157,6.521666666666667
MORKHI,7.290952380952379,167.22333333333333,16.385714285714286,241.84238095238086,0.5697619047619048,17.321904761904758
MOVAN,7.738474576271191,168.61016949152545,18.410677966101687,418.67084745762713,0.3632203389830507,6.000677966101693
NALA,6.959782608695653,169.56382978723406,23.85212765957447,375.247659574468,0.24978723404255315,4.739555555555556
NAWA NAGARMUTHA,6.376086956521741,215.7897872340425,19.5575,197.18733333333333,0.4566041666666666,28.59170833333334
NAWAGAON,7.533249999999998,53.51390243902439,22.99196243902439,390.72682926829276,0.4417948717948718,8.989811219512196
NAWAPADA,7.688601398601402,0.0,27.261457862068948,372.9850684931507,0.448478260869565,6.692340425531915
NENDWAN BK,7.616818181818182,169.2391304347826,11.659999999999998,487.04545454545456,0.3478260869565217,8.014347826086956
NENDWAN KH,7.9327999999999985,173.9425999999999,26.26142857142857,349.4832,0.2524489795918368,4.0348
NIMBAPATI,7.581249999999998,191.75,13.539999999999996,458.0,0.4385,8.319999999999997
ODHI,7.3459090909090925,148.46772727272727,10.732857142857146,351.19818181818187,0.5484090909090908,9.394999999999998
OGHANI,7.1948,192.1082666666666,21.434794520547946,299.37746666666663,0.2769558823529413,14.908605333333332
OHWA,6.850999999999999,233.7078,17.08333333333333,220.33448275862068,0.42186666666666667,26.795
PALASKHOBRA,7.560666666666667,162.64206896551727,15.138103448275864,437.9724137931035,0.4313333333333333,4.442592592592593
PANDHRAMATI,7.697241379310343,163.86206896551727,18.18149425287356,390.96873563218384,0.3472413793103448,4.759127906976745
PATBARA,7.651351351351353,161.625,16.306301369863,429.1675675675676,0.41716216216216256,5.944189189189191
PECHARI DEO,7.7028087431693875,85.01316939890711,22.161318681318683,420.01316384180797,0.4323214285714285,5.581354838709682
PIMPALKHUTA,7.873846153846153,171.83653846153842,26.469807692307693,338.32576923076925,0.24807692307692294,4.110392156862743
PIMPRAPANI,7.62098360655738,168.20634920634922,19.537619047619046,407.1247619047619,0.36825396825396817,5.3757142857142854
PIMPTI,7.4714285714285715,195.14285714285717,11.321428571428573,450.9285714285714,0.6290000000000001,7.349999999999999
PORAMBI,7.323183098591545,25.406131782945728,30.99673732394366,396.2364084507042,0.4961726618705036,8.423450704225349
RAJMOHI (MOTHI),6.849696969696971,173.38750000000005,23.796176470588232,353.85264705882355,0.245,5.07469696969697
RAJMOHI CHHOTI,6.7310000000000025,172.96288461538455,24.148846153846158,372.56156862745087,0.2612,5.194615384615384
RAMPUR,6.9558461538461565,177.46138461538465,16.009076923076922,284.42492307692316,0.4928615384615387,19.6684375
RANZANI,7.62320987654321,77.21388571428572,25.41781502890175,356.84597701149414,0.4448908045977011,10.979811428571432
RATANBARA,7.608800000000004,158.22,17.529459459459453,429.10783783783785,0.3669333333333333,5.839599999999999
RETHI,7.601666666666667,0.0,33.754773518518526,442.3249999999999,0.4642592592592593,2.2491028037383183
ROJKUND,7.21924528301887,128.39303184713378,28.659435714285692,413.72188811188806,0.3824212328767124,17.264150943396224
SAKLIUMAR,7.391549295774651,140.24242424242425,12.372972972972974,446.8904109589041,0.4835135135135135,6.245945945945951
SAMBAR,7.711,156.791,21.134,362.641,0.33,4.424
SARI,7.813536585365852,269.8480487804879,8.529146341463418,514.553170731707,0.4546341463414633,3.758292682926829
SHELTAPANI,7.696093749999998,174.09375,17.726562500000007,411.91625,0.41546875,5.63609375
SHENDVAN,7.659945355191248,77.34972677595628,24.949398907103824,461.64690607734804,0.4073224043715847,5.213278688524598
SINDURI,7.607755102040818,181.0272608695652,20.859183673469385,329.4026530612245,0.4081632653061224,14.292857142857144
SINGPUR BK,7.879090909090907,155.53125,24.670000000000005,377.5245454545455,0.22406250000000005,4.882727272727271
SINGPUR KH,7.6203030303030275,179.47363636363636,23.59969696969697,386.01272727272726,0.2581818181818182,4.376666666666666
SOJDAN,7.685384615384617,169.5046153846153,26.42333333333333,339.2205128205128,0.2284210526315789,4.873589743589745
SONAPATI,7.707647058823531,174.14058823529408,23.052941176470593,344.4658823529412,0.2620588235294117,4.542058823529413
SORCHAPADA,7.806842105263156,168.875,23.815833333333334,334.7316666666666,0.2435,4.015666666666666
SURGAS,7.6987999999999985,170.94,26.9928,336.6783999999999,0.2491666666666668,3.9508
TALAMBA,6.941639344262298,44.725423728813546,29.343011557377054,368.86450819672126,0.460400826446281,9.195188524590165
TAWALI,7.619828571428568,251.04676470588242,19.95735294117648,260.1494117647059,0.517794117647059,19.319000000000006
THANA,7.697073170731711,178.21853658536585,19.96048780487804,410.9873170731708,0.35195121951219505,5.3931707317073165
THANAVIHIR,7.859142857142854,171.0268571428571,23.998857142857148,389.39957142857133,0.2440579710144927,4.1555072463768115
TIMAKMAULI,7.493939393939392,170.1802941176471,24.531764705882352,373.80117647058825,0.2458823529411765,4.563529411764707
TODIKUND,8.166538461538464,174.321,25.874666666666666,341.48800000000006,0.2520000000000001,4.080666666666667
UDEPUR,7.110476190476192,198.1609523809524,17.082380952380948,286.67333333333335,0.5042857142857142,20.041904761904767
UKHALIPADA,7.817575757575757,168.3,23.138857142857145,373.61147058823525,0.2431428571428572,3.9294285714285713
UMARAGAVHAN,7.73295652173913,174.30904347826092,15.963869565217395,414.84869565217383,0.43721739130434795,5.550260869565216
UMARKUVA,7.548000000000001,124.93769230769232,26.59676538461539,383.0665384615384,0.5205769230769232,10.691923076923075
UMATI,7.368472222222224,166.79861111111111,18.966527777777763,428.63126760563387,0.35708333333333325,6.141666666666667
URMALAMAL,7.817910447761192,242.30117647058827,15.480147058823533,481.7661764705884,0.3604411764705883,3.48985294117647
VADALI,7.665000000000001,279.728,16.424,253.7288888888889,0.638,19.017
VADFALI,7.790000000000001,163.45454545454547,12.225757575757575,461.2592592592592,0.4748484848484847,7.824242424242423
VAKADHAMAN,7.6607142857142865,188.1592857142857,23.14071428571428,342.1585714285714,0.255,4.217142857142857
VANYAVIHIR BK,7.857222222222222,170.86444444444442,23.71055555555556,367.01305555555575,0.24083333333333345,4.5875
VANYAVIHIR KH,7.673809523809523,164.89695652173913,23.417826086956524,363.80521739130427,0.2400000000000001,4.585
VEHGI,7.711964285714287,182.29807017543862,17.693859649122807,405.63368421052627,0.3703508771929823,5.980877192982459
VERI,6.624210526315789,177.11842105263162,26.84947368421053,368.22,0.2560526315789473,4.597777777777776
VIRPUR,8.108709677419355,172.13636363636363,23.721212121212112,364.71272727272736,0.2478787878787879,3.895454545454545
WADFALI (NA),7.868333333333332,167.25291666666666,23.85333333333333,399.0258333333333,0.2782608695652174,4.340416666666665
WADFALI (R),7.850731707317072,164.75,23.81571428571429,354.58047619047613,0.23809523809523805,4.709756097560977
WADIBAR,7.850909090909092,161.3113636363636,25.947209302325568,349.43954545454545,0.2334090909090908,3.7309302325581375
WALAMBA (R),7.567088607594937,170.92215189873426,26.27569620253164,342.8617721518988,0.2363291139240505,4.375443037974682
WELKHADI,7.646562499999999,186.62906250000003,15.659375000000002,408.1354838709678,0.4693749999999999,5.5359374999999975
ADACHHI,7.573263888888887,179.85687499999997,16.47216783216784,426.08888888888885,0.4199305555555556,5.728611111111108
AJEPUR,7.806626506024095,159.92707317073166,18.985060240963865,390.184512195122,0.3344578313253013,4.5814473684210535
AKHATWADE,7.793510638297874,171.79707070707082,24.85505050505051,335.9397959183674,0.2482828282828282,4.11010101010101
AKRALE,7.50491803278689,130.52727272727273,13.26639344262295,447.8852459016394,0.5227868852459018,7.0974193548387134
AMBAPUR,7.542776216216202,173.6821081081081,12.597106918238985,439.14382022471915,0.4278918918918922,5.821135135135133
AMLATNE,7.817659574468085,142.9787234042553,14.64893617021277,367.5619148936171,0.2068085106382979,3.4573913043478264
AMRAVE,7.542250000000003,164.0475,15.596499999999995,410.475,0.3953499999999999,5.8675
ARALE,7.840444444444445,188.4345454545454,14.721555555555556,380.0533333333333,0.2733333333333334,4.627209302325582
ARDITARA,7.70230769230769,166.9753846153846,16.802307692307696,425.1538461538461,0.3415384615384615,6.182307692307693
ASANE,7.5902325581395385,94.69907407407408,21.02555392523365,426.5132075471697,0.4185813953488372,5.618870370370375
ASHTE,7.588888888888887,160.84615384615384,10.538704347826087,414.31896551724134,0.43675438596491256,6.319137931034486
BAHYANE,7.666951219512192,178.91182926829262,12.438148148148155,407.87073170731696,0.3820987654320989,5.4974390243902445
BAL AMRAI,7.502651515151513,162.50416666666666,12.297615384615385,405.74885496183214,0.3679389312977101,5.304015151515156
BALDANE,7.77203007518797,174.2011278195489,19.20325757575757,390.777894736842,0.3365909090909091,4.719296874999999
BALWAND,7.7030409356725125,184.1244868035191,20.79828152492668,364.68217647058816,0.3164525993883791,4.042960526315786
BAMDOD,7.937906976744187,167.23155555555547,23.66400000000001,399.67511111111116,0.2410526315789474,3.5704545454545453
BHAGSARI,7.669173553719012,166.42520661157027,19.95405737704916,401.42842975206617,0.30599999999999994,5.167967479674796
BHALER,7.610447761194031,199.22388059701493,10.513134328358204,443.28358208955217,0.5467164179104482,6.4979104477611935
BHANGDA,7.590909090909089,169.9090909090909,11.071515151515147,435.7272727272728,0.4851515151515151,6.945454545454546
BHAVANIPADA,7.6785714285714315,146.72074074074075,17.922500000000007,370.25285714285707,0.3582142857142857,5.211071428571428
BHONE,7.498943089430893,184.98780487804882,17.344918032786882,391.9752032520325,0.3835772357723578,5.202926829268289
BILADI,7.807999999999998,178.84,11.6712,430.84,0.5216,5.5975
BORALE,7.453333333333332,176.63333333333333,11.913000000000002,431.63333333333327,0.491,6.932333333333332
CHAKLE,7.355223880597017,173.30882352941174,10.283823529411768,482.7352941176471,0.4389393939393939,5.688358208955222
CHAUPALE,7.494782608695655,158.58928571428572,11.806243478260868,491.08771929824564,0.4477192982456143,6.714252173913048
DAHINDULE BK.,7.650895522388064,0.0,29.870421094890517,437.456544117647,0.4452554744525546,4.293903703703704
DAHINDULE KH,7.856315789473685,198.1875,15.491000000000005,410.14871794871794,0.4223076923076924,5.106499999999999
DEVPUR,7.759824561403509,164.1210714285714,23.61510638297873,343.7714285714286,0.2378260869565217,3.5686792452830183
DHAMDAI,7.618749999999999,170.51466666666667,16.430249999999994,417.225,0.4204166666666671,5.997499999999999
DHAMDOD,7.524757281553397,154.27669902912618,12.132121359223303,397.43867961165046,0.3094500000000002,4.8933980582524335
DHANDHANE,7.693526011560691,185.85832369942196,20.30913294797687,396.66906432748533,0.3267261904761906,4.093935483870969
DHANORA,7.760285714285711,176.4971590909091,16.316534090909098,391.32228571428584,0.33869047619047626,5.0984615384615415
DHEKWAD,7.430833333333334,171.56470588235294,18.659882352941185,385.67987951807225,0.3641176470588236,5.251411764705883
DHIRAJGAON,7.6907352941176494,155.7424637681159,20.488405797101432,381.1014492753623,0.3733333333333333,4.8746376811594185
DHULWAD,7.722222222222224,182.15555555555562,11.277111111111115,432.91111111111115,0.4337777777777779,5.9195555555555535
DUDHALE,7.688358208955227,165.90469696969694,12.367727272727274,377.79149253731356,0.3394776119402985,4.398688524590168
FULSARE,7.778103448275867,187.1777586206896,14.083333333333336,415.72363636363633,0.3786206896551724,5.294210526315788
GHOGHALGAON,7.53,183.7333333333333,10.270333333333333,412.6,0.5886666666666667,7.355333333333334
GHOTANE,7.674545454545454,56.46202531645571,27.659865000000003,439.37575949367067,0.464353164556962,5.3459936708860765
GHULI,7.747540983606559,184.46661157024795,16.138442622950812,394.625,0.38139344262295066,5.762622950819672
GU.JAMBHOLI,7.588888888888885,175.625,10.385277777777778,419.54166666666674,0.5914705882352939,6.623888888888887
HARIPUR,7.839230769230771,157.3211538461538,19.571153846153848,409.0292307692308,0.247872340425532,4.746666666666665
HATMOHIDE,7.851962616822427,184.03915887850476,20.878504672897197,381.95514018691597,0.2716822429906542,4.74196261682243
HATTI INDRI,7.568494623655914,214.78903225806454,10.42268817204301,526.4152173913043,0.4525806451612902,3.9768131868131857
HOL T. HAVELI,7.5699999999999985,174.273125,18.89250000000002,420.6459259259259,0.3451851851851851,5.589
HOL T. RANALE,7.718219178082192,145.65753424657538,15.134931506849314,405.48424657534247,0.2967605633802816,5.2897260273972595
ISAINAGAR,7.640666666666667,167.253,25.93,349.16133333333335,0.24200000000000005,2.9817241379310344
JALKHE,7.594615384615387,140.87846153846158,27.1974358974359,353.80512820512826,0.20333333333333334,3.4684615384615385
JUN MOHIDE,7.652682926829264,155.6624,17.916,404.41824,0.29347107438016545,6.170640000000009
KAKARDE,7.529411764705883,161.83823529411762,11.154117647058827,418.2647058823529,0.4563235294117649,6.336764705882351
KALAMBA,7.8127999999999975,184.69549019607842,17.019999999999996,388.1784313725489,0.26880000000000004,4.945799999999998
KALMADI,7.648387096774192,163.21875,10.653125,418.375,0.4665625,6.711562499999998
KALYELI,7.7487096774193525,168.1187096774194,19.6746875,387.53125,0.2653333333333334,5.2775
KANALDE,7.595,165.75857142857143,26.52785714285714,347.2,0.24000000000000005,3.5064285714285712
KARAJWE,7.685939849624063,161.04624060150374,18.738496240601517,399.66075187969915,0.3806015037593988,5.424135338345867
KARANKHEDA,7.718525641025642,182.1341558441558,14.486363636363635,404.13333333333327,0.3337179487179491,5.397039473684216
KARJKUPE,7.5230000000000015,163.19862499999996,20.947468354430367,382.28,0.3470000000000001,4.518051948051949
KARLI,7.838554216867474,170.54216867469881,16.148674698795187,394.56867469879506,0.3691445783132531,5.590638554216866
KATHORE,7.578636363636362,166.04545454545453,17.13954545454546,429.70545454545464,0.3959090909090909,5.364545454545453
KHAIRALE,7.3162162162162145,174.078947368421,10.81684210526316,494.9210526315789,0.496578947368421,7.080526315789473
KHAMGAON,7.4308737864077665,175.8543689320388,16.453300970873794,392.7204081632654,0.4577669902912621,5.7892233009708765
KHAPARKHEDE,7.490701754385966,156.46982456140347,12.115818181818176,354.1073684210527,0.30036363636363644,3.6114893617021266
KHARDE KH.,7.745833333333333,183.0,12.092173913043478,442.83333333333326,0.4966666666666665,6.956249999999998
KHODASGAON,7.62308510638298,167.27142857142852,20.156122448979584,405.69687500000015,0.33,4.900638297872337
KHONDAMALI,7.5898734177215195,179.0,11.225405063291149,452.45569620253167,0.4548101265822784,6.726708860759497
KOLDE,7.747030303030299,186.39557575757576,15.92182926829268,403.1168484848485,0.4528242424242426,5.7779393939393975
KOPARLI,7.545399999999997,163.04877551020394,25.905,370.72885906040267,0.2363945578231292,4.193888888888892
KORIT,7.570833333333336,161.15625,10.928842105263158,426.3578947368421,0.455625,5.7571875
KOTHADE,7.483301886792447,152.2107547169811,20.570841121495317,384.0214953271029,0.31747663551401906,4.629245283018868
LAHAN SHAHADA,7.5880952380952404,165.6818181818182,12.460681818181815,481.3181818181818,0.4134883720930233,7.780465116279069
LONKHEDA,7.503461538461535,163.25730769230762,20.21116883116882,378.5589743589743,0.33705128205128226,4.716538461538463
LOYA,7.555172413793103,173.6206896551724,12.26666666666667,459.6781609195402,0.449080459770115,6.974597701149431
MALKHAND,7.7476190476190485,178.81173913043477,16.933043478260867,424.70434782608703,0.3409090909090909,5.684782608695652
MALPUR,7.60829268292683,161.15679012345674,16.717195121951214,414.80000000000007,0.3831707317073173,5.274230769230769
MANDAL,7.708176100628941,188.36875,11.625000000000005,441.7,0.5005660377358492,6.6891875000000045
MANGRUL,7.60791666666666,160.10958333333332,16.970624999999988,413.5895833333333,0.3676041666666669,5.314687500000002
MANJRE,7.6143749999999955,187.6125,12.209119496855347,431.7672955974843,0.5698692810457519,6.836875000000012
MOYANE,7.6862264150943425,3.0578048780487808,27.40385018867923,413.8219496855344,0.4263522012578619,4.542655844155841
NAGSAR,7.6490322580645165,46.17721518987342,26.927556981132067,416.83120253164566,0.5226415094339627,4.915805031446539
NALVE BK.,7.687000000000001,179.43660000000003,15.738799999999996,421.096,0.38220000000000015,6.319799999999999
NALVE KH.,7.721190476190474,230.765,13.679047619047616,437.66329113924036,0.35775,4.358809523809525
NANDARKHE,7.525263157894736,170.86170212765958,12.219574468085105,449.1263157894737,0.5058947368421053,7.438191489361699
NANDPUR,7.690895522388063,167.42,15.217121212121205,411.69846153846163,0.37818181818181795,5.922641791044775
NARAYANPUR,7.652982456140354,185.97966666666665,17.400166666666667,389.71066666666667,0.4006666666666667,5.226666666666664
NASHINDE,7.741764705882352,186.52941176470588,13.226470588235292,338.3411764705882,0.2688235294117648,3.2058823529411766
NATAWAD,7.586901408450703,171.16942028985503,18.579295774647907,378.5228571428571,0.4373239436619719,5.199577464788732
NAVAGAON,7.619872611464973,49.01875,26.117030062893065,419.9040506329112,0.433803125,5.341175000000003
NIMBHEL,7.501538461538463,158.13846153846154,10.64184615384616,389.3076923076923,0.4403076923076921,6.595538461538463
NIMBONI BK.,7.711048387096776,157.08774193548385,20.020960000000013,381.22255999999993,0.3642400000000004,4.173490566037737
NYAHALI,7.588684210526317,162.45394736842104,17.28697368421052,411.26394736842093,0.3173333333333334,5.168947368421053
OSARLI,7.650149253731343,171.3726470588235,26.607313432835817,340.68552238805967,0.2464705882352941,3.666470588235294
OZARDE,7.701600000000001,171.1252,19.966666666666665,387.736,0.3636,4.709565217391304
PACHORABARI,7.569565217391302,183.9189189189189,13.087142857142863,458.0,0.5199999999999997,7.127297297297294
PALASHI,7.594698795180721,174.99608433734943,18.67345238095237,374.02214285714297,0.3495238095238096,5.352797619047618
PATHARAI,7.755375912408758,164.6547826086955,20.02981751824818,367.7772992700731,0.29097014925373144,5.036776556776556
PATONDA,7.614,196.92,11.350599999999995,399.91666666666674,0.5897727272727273,6.963399999999997
PAVLA,7.8094300518134805,168.60523316062168,23.42579487179484,353.8332994923858,0.2599418604651163,3.957473684210525
PIMPLOD,7.6552000000000024,160.03333333333333,19.192972972972978,387.972191780822,0.34192,4.6948
RAJALE,7.809472081218269,72.17766497461929,24.030203197969538,430.5032653061224,0.4024484536082473,5.555690355329949
RAJAPUR,7.4615384615384635,166.5,12.342619047619053,463.2413793103448,0.5469230769230767,7.660238095238094
RAKASWADE,7.76936507936508,162.64714285714282,18.29222222222223,385.44936507936507,0.3476190476190477,5.5226984126984116
RANALE KH,7.868775510204082,187.648163265306,20.153877551020404,379.65714285714284,0.2828571428571429,4.5777551020408165
SAITANE,7.6314876033057875,193.1275609756098,19.843170731707307,387.4767479674797,0.3885365853658537,5.184065040650408
SAMSHERPUR,7.8277777777777775,159.93454545454537,25.96290909090909,361.1224074074073,0.23109090909090899,3.65418181818182
SATURKHE,7.632613636363635,185.50886363636363,12.179425287356324,422.1522727272727,0.3805813953488373,6.025909090909092
SAWALDE,7.299999999999998,132.6,12.387142857142855,454.8125,0.4966666666666666,6.052380952380951
SHAHADE,7.775227272727273,166.50697674418606,26.066488372093023,329.317619047619,0.2409756097560976,4.4997619047619075
SHEJVE,7.647368421052632,190.76315789473685,10.939736842105262,429.0526315789474,0.5323684210526317,6.1802631578947365
SHINDE,7.85458823529412,188.8382352941177,20.814235294117648,384.7529411764705,0.28658823529411753,4.876000000000002
SHINDGAVHAN,7.925652173913047,179.2748571428571,19.21975,509.2131250000001,0.376,3.688625
SHIRWADE,7.755000000000001,185.6775,15.815192307692316,407.57692307692315,0.39942307692307705,5.784615384615379
SHIVPUR,7.62719424460432,169.07928571428567,18.434928571428575,376.35028571428575,0.33178571428571424,4.453230769230772
SHRIRAMPUR,7.653921568627447,74.52450980392156,24.510003899999997,450.14554455445534,0.4572696078431377,5.717313725490199
SONGIR,7.511774193548387,159.3548387096774,13.036896551724135,406.48622950819674,0.3530645161290324,4.657580645161292
SUJALPUR,7.5088888888888885,183.77777777777774,11.02977777777778,426.22222222222223,0.42244444444444457,6.379777777777778
SUNDARDE,7.445833333333333,156.74208333333334,11.373125000000002,422.33333333333326,0.4635416666666667,6.246875
SUTARE,7.734285714285716,170.72446428571428,17.745357142857138,383.2803636363636,0.3721428571428572,5.047142857142857
TALWADE BK,7.669444444444442,182.11111111111111,11.547142857142859,447.97222222222223,0.4891666666666665,6.311142857142857
TALWADE KH,7.688750000000002,193.17799999999997,26.532250000000005,349.62725000000006,0.27825,3.84475
TARAPUR,7.856111111111113,239.73,13.88944444444444,471.95555555555563,0.3502941176470588,4.3475
THANEPADA,7.855739130434785,146.29579831932782,25.39,359.0374789915964,0.2104201680672269,3.8196638655462185
TILALI,7.732303664921461,71.8324607329843,26.031621570680624,440.08968421052634,0.446089005235602,5.6753036649214765
TOKARTALE,7.5164705882353,193.8,304.7775294117647,169.49035294117652,0.44611764705882345,6.134117647058822
UMAJ,7.647692307692307,179.9142857142857,14.59835164835166,401.7898901098902,0.4552747252747255,6.232197802197801
UMARDE BK,7.679671052631577,169.4982236842105,13.415986394557828,436.73907284768217,0.4237500000000004,6.31276315789474
UMARDE KH,7.772558139534887,160.0,17.443053435114507,376.8543511450382,0.388828125,5.663519083969464
UMARGAON,7.592916666666667,170.06958333333338,16.479166666666668,398.2583333333334,0.44625,5.208333333333333
VAINDANE,7.701597222222217,110.27931034482759,20.383532395833324,431.4546875,0.4438103448275861,6.0402344827586205
VASADARE,7.668018018018002,165.5563179916318,18.628208333333312,407.22525,0.3825833333333335,5.472708333333343
VAWAD,7.786868686868688,164.36633663366337,11.36623762376238,426.3564356435643,0.4985000000000001,5.911881188118803
VELAWAD,7.474814814814813,154.79007352941176,12.58294117647058,438.1102941176471,0.4805882352941181,6.671838235294121
VIKHARAN,7.525151515151515,161.91181818181818,25.404393939393934,354.79181818181826,0.232878787878788,3.427727272727273
VIRCHAK,7.416666666666668,179.26666666666668,10.458,453.76666666666665,0.489,6.570666666666666
WADJAKHAN,7.793707865168539,189.56438202247196,17.641573033707868,400.20449438202246,0.3002247191011237,4.926590909090908
WAGHALE,7.765161290322577,155.82621118012423,22.431055900621125,382.5027329192547,0.3142236024844723,4.170769230769232
WAGHODE,7.9742622950819735,168.15362318840582,19.281884057971013,374.6790769230769,0.4223188405797104,5.560724637681159
WAGSHEPA,7.5609734513274285,151.65131578947364,18.86210526315789,383.1694736842107,0.3961061946902657,4.804196428571427
WANKUTE,7.584000000000002,158.991875,16.3069125,415.37825,0.4678749999999998,5.9381249999999985
WARUL,7.8435416666666695,150.00864583333328,22.26010416666666,381.13697916666666,0.3296875000000002,4.8455208333333335
WASLAI,7.661711711711707,170.55792792792792,17.17387387387387,392.5837837837837,0.3416216216216216,5.204018691588788
ADALSE,7.316956521739131,145.19431952662725,29.954909090909094,423.5528048780488,0.7647928994082842,11.758323353293411
AMLAN,7.461516393442624,182.18792682926838,12.784561403508766,402.1282926829269,0.35483739837398376,5.5638617886178885
AMSARPADA,7.3145714285714325,181.40099999999995,13.930281690140847,360.8132394366197,0.3264705882352943,4.809117647058822
ANJANE,7.174705882352943,203.7603703703704,15.472884615384615,308.36481481481485,0.41818181818181815,6.883636363636365
ANTHIPADA,7.847708333333338,0.0,29.26241437499999,430.52159574468084,0.4437765957446812,4.637499999999998
BANDHARE,7.454210526315787,62.63929824561404,28.645488947368413,409.9372727272728,0.5637037037037038,8.881052631578948
BANDHARFALI,7.7511627906976726,274.80906976744177,9.202146341463411,611.3609756097565,0.5008837209302328,4.182790697674417
BANDHARKI,7.302380952380951,197.11952380952386,14.74,306.6666666666667,0.2971428571428571,4.192380952380953
BANDHARPADA,7.702978723404257,180.75127659574463,14.96468085106383,392.063695652174,0.2180434782608696,5.213478260869565
BARDIPADA,7.43629213483146,161.331595505618,11.98758620689655,443.28942528735627,0.484438202247191,7.870689655172413
BARI,7.625070422535213,46.25352112676056,25.87056338028168,432.1339007092199,0.44521126760563373,1.6611029411764704
BEDKI,7.594999999999999,184.5407692307692,14.418823529411766,374.61274509803917,0.19576923076923086,3.2764705882352945
BEDKIPADA,7.299038461538463,245.47169811320754,11.78150943396226,454.9688679245282,0.3605660377358491,4.623207547169812
BHAMARMAL,7.753571428571428,128.24,9.701071428571426,374.25,0.3430434782608696,5.9296428571428565
BHANGARPADA,7.8176,178.46185567010312,13.627499999999998,368.83520833333336,0.2410416666666665,4.5387
BHARDU,7.707024390243903,120.36097560975608,16.382301530612253,436.004433497537,0.4297783251231526,5.841053658536577
BHAVARE,7.301724137931031,163.5097540983607,12.568655462184882,381.69610619469034,0.3373451327433628,5.9173728813559325
BIJADEVI,7.6999999999999975,188.86666666666667,11.982666666666667,416.06666666666666,0.4213333333333333,5.545333333333333
BIJGAON,7.847173913043479,94.0,22.494000000000003,458.62717391304346,0.4928260869565218,3.7110869565217386
BILBARE,7.326086206896551,175.83649999999992,15.068827586206892,346.65461538461534,0.443,9.5905
BILDA,7.346282051282051,170.5456164383561,13.123199999999995,370.26819444444453,0.20384615384615395,4.563783783783785
BILGAVHAN,7.6098181818181825,55.40940119760481,27.45718562874252,449.94646987951813,0.4872424242424245,2.332934131736527
BILIPADA,7.455789473684213,185.74131578947367,13.012368421052628,399.96315789473687,0.4886842105263159,6.078947368421053
BILMAJER,7.9394444444444465,122.24654545454544,24.10143145454545,477.31454545454557,0.4434545454545456,4.1114181818181805
BOKALZAR,7.423448275862068,197.98666666666665,16.2151724137931,329.5627586206897,0.21285714285714288,3.6259259259259258
BORCHAK,7.652941176470586,181.88529411764702,14.217450980392158,403.5686274509804,0.30704545454545457,5.581176470588231
BORPADA,7.713115577889452,78.59798994974874,26.214469130434786,436.87490566037735,0.4527386934673367,3.667587939698495
BORZAR,7.420602409638555,189.30179012345675,16.095887500000003,361.8073170731707,0.3317763157894737,4.942285714285712
CHEDAPADA,7.445818181818183,172.25909090909093,12.03057692307692,402.8001818181818,0.326,5.700727272727273
CHINCHPADA,7.1482608695652194,161.38327731092434,15.265517241379314,370.8833050847458,0.3000000000000001,4.892016806722689
CHITAVI,7.268224299065413,158.90723214285714,14.241467889908252,398.648,0.4090990990990992,4.990714285714287
CHORVIHIR,7.365322580645162,168.48250000000004,12.524677419354838,420.2760317460317,0.4062903225806453,6.213670317460317
CHOUKI,7.511587301587302,182.79593749999995,14.830312500000007,341.9916666666666,0.29618279569892475,4.622139037433159
DALIAAMBA,6.921764705882352,235.03352941176468,21.495294117647056,441.60533333333336,0.6579999999999999,18.565882352941173
DAPUR,7.559397590361447,87.89156626506023,19.901232409638556,459.5963855421687,0.5607831325301205,5.513409638554215
DEOLIPADA,7.234406779661017,164.04615384615386,9.9035593220339,436.7301587301588,0.5963076923076923,7.2079999999999975
DEOMOGARA,6.96875,167.315,12.771249999999998,432.93533333333335,0.6009374999999999,19.543125000000003
DHANRAT,7.287272727272726,164.42169230769218,15.494696969696967,317.11081967213124,0.27789473684210536,4.590545454545454
DHONG,7.613376623376625,93.987012987013,22.20732842105264,401.1238157894737,0.4259868421052633,3.973838235294117
DHULIPADA,7.349,160.95999999999995,14.370754716981134,328.35923076923075,0.30191489361702123,4.130487804878048
DOGEGAON,7.427209302325583,250.67255813953489,21.829534883720928,433.92720930232565,0.7006976744186048,28.43675
DUDHAVE,7.902790697674415,177.37777777777768,13.964888888888892,373.8225,0.18533333333333327,4.777209302325583
GADAD,7.709307142857143,54.39716312056738,25.23327618705035,410.20204379562034,0.4962589928057554,5.132777777777777
GHODAJAMANE,7.435333333333332,197.7048888888889,16.224888888888884,341.7244444444445,0.22909090909090904,3.1795555555555564
GOKUL NAGAR,7.482608695652174,137.83333333333334,11.599166666666667,405.0,0.3630434782608695,5.826250000000001
HALDANI,6.944827586206896,302.6406896551725,21.184827586206893,390.3762962962963,0.6703448275862071,16.089310344827584
JAMADE,6.986538461538463,284.8888888888889,15.870370370370374,255.3423076923077,0.6875925925925925,10.234
JAMTALAV,7.540416666666665,189.54591836734693,17.272040816326527,352.74367346938783,0.20441860465116285,3.4804166666666654
KADWAN,7.956779661016947,43.63047244094488,27.586366220472442,428.5663999999999,0.4483070866141735,5.12696062992126
KARANJALI,7.568235294117645,261.8062352941175,11.438000000000002,592.4141176470587,0.5209411764705882,3.756823529411765
KARANJI BK,7.606624203821656,147.05169811320758,15.989999999999995,397.75636942675146,0.2976100628930817,3.394591194968556
KARANJI KH,7.63134328358209,184.6706153846154,14.431212121212118,456.47313432835836,0.3151515151515152,4.0709374999999985
KARANJVEL,7.8252777777777816,237.31864864864863,10.697567567567567,459.34054054054064,0.3637837837837837,3.8789189189189184
KAREGHAT,7.824285714285715,171.62,16.681818181818183,301.8818181818182,0.2700000000000001,4.155454545454545
KASARE,7.427678571428572,177.3632142857143,12.878571428571426,358.5035714285715,0.31620000000000004,5.654107142857143
KELI,7.0812871287128685,168.34762376237632,15.899000000000004,375.3582978723405,0.4463725490196079,8.626470588235291
KELPADA,7.6167521367521385,81.88034188034187,20.987307521367512,459.094188034188,0.4262393162393168,6.153940170940173
KHAIRVE,7.513043478260868,169.56521739130434,10.552608695652172,406.4444444444445,0.3939130434782608,6.136956521739128
KHALIBARDI,7.135625000000003,242.671914893617,19.39808510638298,348.22121951219515,0.5278913043478262,7.907659574468088
KHANAPUR,7.754814814814818,68.0246913580247,25.249159753086428,459.7948750000001,0.4752592592592594,5.38564197530864
KHARJE,7.856923076923076,196.5233333333333,16.06933333333333,385.6533333333333,0.17,4.601538461538462
KHATGAON,6.957037037037038,180.0362962962963,19.98296296296296,488.5784615384615,0.6587037037037038,15.048148148148153
KHEKADA,7.591854304635762,175.9342857142857,14.79947019867549,413.90895104895117,0.22384615384615386,4.070596026490068
KHOKARWADA,7.369117647058822,234.64617647058827,11.40205882352941,381.45882352941186,0.3705882352941177,4.341470588235294
KHOKASE,7.1713604651162814,171.83209195402299,20.75678571428571,301.48689655172427,0.2842093023255814,18.054137931034482
KHOLGHAR,7.389166666666667,173.0020833333334,15.550416666666667,319.2000000000001,0.26875,4.112916666666668
KHOLVIHIR,7.38975308641975,187.0011111111111,15.930000000000005,335.50605263157905,0.4210493827160493,7.778125
KOKNIWADA,7.5357407407407395,210.39499999999992,14.513518518518516,359.8942857142857,0.3266000000000001,4.270943396226415
KOTHADA,7.439340659340657,229.14100000000008,13.800549450549445,426.604945054945,0.34288888888888885,4.545604395604394
KOTKHAMB,7.482264150943397,217.30905660377363,21.18653846153847,365.3353846153847,0.4212264150943396,16.550754716981128
KUKARAN,7.352614035087719,217.76438596491226,22.14056140350877,345.51070175438605,0.4835964912280701,12.926140350877194
LAKKAD KOT,7.387384615384612,240.13318181818184,11.846060606060606,393.40909090909105,0.292982456140351,4.390307692307691
MAHALKADU,7.794000000000002,100.24324324324324,20.043856576576573,433.05774774774767,0.4697777777777778,5.931581818181821
MALVAN,7.479469696969695,204.63379844961239,17.150310077519382,383.5685826771655,0.4879924242424242,8.864015151515149
MENATALAV,7.505316455696202,71.39240506329114,23.442347468354416,449.2013157894737,0.5320886075949367,4.3391012658227845
MENDIPADA,7.5481502890173395,78.16040462427745,26.546673641618515,417.7241071428569,0.5611502890173408,4.689488372093019
MOGARANI,7.671235294117648,105.48235294117649,20.218294117647087,454.3066470588234,0.41623529411764704,4.569294117647061
MORKARANJE,7.72354838709677,84.09677419354837,22.23712977777778,440.7572222222223,0.4513978494623658,5.618709677419359
MORTHUWA,6.9959183673469365,183.8720408163265,16.785,311.60893617021264,0.42765306122448976,7.7432653061224475
MOTHI KADWAN,7.96467532467533,0.0,35.01402597402598,386.37350649350645,0.4662337662337662,0.5640259740259743
MOULIPADA,7.466666666666668,126.63333333333334,10.278717948717953,398.125,0.3320588235294118,5.7248717948717935
NAGARE,6.932222222222222,239.1627272727272,16.003777777777778,323.45599999999996,0.4652222222222222,9.526222222222225
NAGZIRI,7.663186813186816,65.20765027322405,23.592404371584717,419.9545901639343,0.4468306010928957,2.3302777777777783
NANAGIPADA,7.983407692307693,0.0,28.677506546762608,437.8214492753624,0.41516546762589934,5.477338129496409
NANDVAN,7.3326315789473675,195.45894736842098,16.116842105263153,372.30000000000007,0.2839473684210527,4.5
NAVALI,7.008823529411764,163.50235294117647,14.48153846153846,508.834705882353,0.736875,10.63823529411765
NAVAPUR,7.646458333333329,166.7277083333333,17.113541666666674,370.19147368421034,0.20697916666666666,3.7018947368421067
NAVI SAWARAT,7.808928571428571,275.5207142857143,11.117499999999998,519.6,0.4403571428571429,3.586785714285714
NIJAMPUR,6.969599999999998,193.1376,14.9988,334.98181818181814,0.28079999999999994,3.9244
NIMBONI,7.584090909090907,142.93548387096774,12.399772727272724,436.8181818181818,0.43977272727272737,6.469318181818175
NIMDARDE,6.987169811320754,231.07769230769242,19.258113207547172,380.7991489361703,0.5310377358490566,8.256792452830192
PALIPADA,7.9260416666666655,72.3061224489796,22.517142857142854,405.281489361702,0.4083673469387754,3.4657142857142857
PALSHI,7.43009009009009,201.4967567567568,17.235000000000007,337.69599999999997,0.4125,5.6829629629629625
PALSUN,7.785800000000003,66.32666666666667,22.320402684563767,420.8224161073825,0.44879999999999975,2.8273333333333337
PANCH AMBA,7.540405405405407,235.28648648648644,13.748630136986304,493.1874324324324,0.3552702702702704,4.675068493150687
PANGARAN,7.665095541401273,225.37006369426754,12.280254777070065,463.2979617834394,0.30528662420382163,4.248387096774193
PATICHE,7.7964102564102555,183.97871794871793,13.587435897435894,365.12000000000006,0.22230769230769232,3.5368421052631573
PAYARVIHIR,7.523157894736843,270.68657894736845,10.983157894736843,535.8157894736843,0.3986842105263159,3.458973684210525
PIMPALA,7.627903225806452,192.00370967741935,16.295967741935485,301.7870967741935,0.2743548387096774,3.975967741935482
PIMPALE,7.192280000000002,232.61905660377357,23.22490566037736,359.19229166666673,0.6193962264150942,31.741960784313733
PIMPRAN,7.660714285714289,46.29787234042554,26.940141843971638,423.04049645390086,0.3897872340425534,2.06645390070922
PRATAPPUR,7.665909090909087,201.8181818181818,11.33022727272727,435.4090909090909,0.5497727272727274,6.452954545454543
RAINGAN,7.595350877192981,231.537105263158,12.707946428571429,442.74578947368417,0.30806140350877204,3.6474035087719288
RAIPUR,7.686645161290323,61.10967741935484,24.26802051612902,426.033935483871,0.4535806451612901,5.037348387096773
SAGALI,7.316944444444442,157.84527777777774,14.683055555555564,297.73333333333335,0.2825,4.6308333333333325
SAWARAT,7.5545833333333325,186.47855670103095,16.558587628865972,389.8589130434781,0.3340103092783505,2.937422680412371
SHEGAVE,6.492307692307692,156.09888888888898,21.58370370370371,512.4733333333334,0.6088888888888889,18.354230769230767
SHEHI,7.485267857142854,129.94910714285714,26.91969642857143,385.716909090909,0.5782523364485981,5.774482142857145
SHETGAON,7.167272727272728,151.5725,17.160833333333333,294.93333333333334,0.2575,4.308333333333334
SHIRVE,7.309473684210527,192.34142857142857,15.952857142857145,289.06666666666666,0.2814285714285715,4.1828571428571415
SHRAWANI,6.928749999999996,251.7416363636364,18.319107142857142,288.5826923076923,0.6381249999999999,16.448181818181826
SONARE DIGAR,7.726168831168834,105.98709677419356,20.146758758169955,472.6953548387097,0.4677741935483874,5.991961290322591
SONKHADAKE,6.981842105263162,219.55695999999992,19.629480000000004,339.1904054054055,0.4952631578947367,6.298356164383563
SONPADA,7.218611111111112,128.48749999999998,29.35277777777777,400.95305555555575,0.5676388888888888,12.960833333333332
SULI,7.712325581395347,267.14651162790705,10.531627906976745,637.3581395348838,0.4569767441860464,3.67813953488372
TALAVIPADA,7.240379746835447,185.71683544303798,17.12875,355.4927536231883,0.4892151898734177,9.640265822784807
TARPADA,7.797727272727273,175.01809523809524,14.803478260869564,400.736,0.2865217391304348,3.954782608695653
THUWA,7.625263157894735,105.08695652173913,18.786928333333336,424.1578260869565,0.39395652173913054,5.430391304347829
TILASAR,7.591914893617022,175.1086956521739,10.9105,425.475,0.4891489361702128,5.2636170212765965
UKALAPANI,7.247499999999999,193.04,16.420384615384613,309.8523076923077,0.3104347826086956,5.0790476190476195
UMARAN,7.322078787878787,224.95485029940116,17.04933333333334,327.37518987341787,0.5531547619047623,11.155739644970415
UMBARDI,7.791351351351353,172.8845945945946,14.398108108108106,337.00540540540544,0.2827777777777778,5.055
UNCHISHEVDI,6.748181818181819,196.91043478260863,20.560869565217395,284.88782608695664,0.4957391304347826,15.353478260869565
VADADE BK.,7.102608695652172,242.62478260869565,14.652608695652173,415.855652173913,0.6521739130434783,15.084782608695654
VADKALAMBI,7.659375000000002,131.34615384615384,10.466562500000002,411.0,0.40451612903225803,6.978124999999998
VADKHUT,7.127222222222222,167.69315789473688,16.354444444444443,401.3963157894737,0.25894736842105265,5.4136842105263145
VADPHALI,7.743243243243245,147.77648648648648,12.165442063492064,458.8322222222222,0.4185810810810812,6.120716216216216
VAGADE,7.836390977443607,0.0,29.14924812030076,437.18208955223866,0.4222388059701493,0.6393518518518518
VARADIPADA,7.809583333333332,0.0,30.909869148936178,415.08510204081637,0.4420408163265305,4.667285714285715
VASADE,7.14780487804878,202.74785714285716,18.012857142857143,340.9492857142856,0.3994047619047619,5.220547619047619
VATVI,7.628666666666667,142.32,12.509666666666668,463.9666666666666,0.4323333333333333,6.894666666666662
VAVADI,7.185789473684211,185.43217391304353,16.254782608695656,304.3478260869565,0.27913043478260874,3.8717391304347823
VISARWADI,7.504431818181818,198.73114942528736,14.91238636363636,442.28954545454536,0.24082278481012664,5.00752808988764
WADSATRA,7.553877551020409,181.79469387755105,12.36,431.94653061224494,0.4354255319148936,6.961458333333333
ZAMANZAR,7.432252252252255,181.3817117117117,15.250088495575227,433.3129203539822,0.3160176991150444,3.883628318584069
ZAMATYAWAD,6.774285714285713,195.71608695652176,23.371652173913045,558.8731818181818,0.6808695652173913,23.12434782608696
ZARIPADA,7.645217391304348,195.79521739130428,15.829130434782613,313.11304347826086,0.2778260869565218,4.15804347826087
ABHANPUR,7.772938144329897,257.63545854922285,19.719093750000013,395.73479255319154,0.4814770408163265,10.618025773195884
ADGAON,7.620655737704919,207.83426229508203,22.625409836065568,554.9467822580647,0.5001612903225805,12.337166666666665
AKASPUR,7.718333333333335,237.2778307692307,19.74335,412.2639821428573,0.5803859649122807,10.956874999999995
ALKHED,7.733124999999998,231.35609375,46.87850746268658,827.5590188679247,0.6849552238805969,3.909375
AMODE,7.535382857142857,202.20637790697688,21.014393063583807,518.2124712643682,0.5268857142857144,14.007626436781605
ANAKWADE,7.905714285714282,229.23321428571427,20.4404,573.4539285714285,0.4332142857142857,16.849999999999998
ANARAD,7.699853658536591,89.60564593301433,23.21957894736841,451.63397970149214,0.552650717703349,11.57014492753623
ASUS,7.631904761904758,279.5841346153847,35.47533980582523,673.4212020202017,0.56725,16.415643564356433
AURANGPUR,7.7474374999999975,213.95975155279498,23.640887499999995,427.78790849673203,0.4963437500000003,13.326949044585989
BAHIRPUR,7.697100000000002,189.53724489795903,21.53381443298968,476.85948453608256,0.5178712871287128,13.58945544554456
BAMKHEDA-T-SARANGKHEDA,7.734,200.6187142857143,38.89285714285714,612.4073809523808,0.67940243902439,3.1643947368421053
BAMKHEDA-T-TARHAD,7.7921711711711685,222.0377551878357,20.720500894454307,519.1661446654615,0.5059875000000007,12.300871609403242
BHADE,7.756634146341463,194.33609756097562,20.023231527093586,522.0762745098042,0.4649313725490191,12.044129353233835
BHAGAPUR,7.480000000000001,189.98928571428573,34.23923076923077,724.8228571428571,0.6836428571428572,3.524285714285714
BHONGRA,7.70433628318584,0.0,27.53387499999999,477.3411504424779,0.4229203539823008,14.600973451327429
BHORTEK,7.784516339869282,44.87290322580645,17.961935483870977,389.7266451612904,0.4995629139072846,12.815032467532472
BHULANE,7.723166666666668,146.72423728813555,20.09896551724138,428.3261666666668,0.4410344827586207,11.729482758620689
BHUTE,7.680423076923077,199.45166666666665,17.549999999999994,404.30800000000005,0.4896153846153846,10.267307692307693
BILADI-T-HAVELI,7.723916666666668,223.07394957983203,23.673474576271186,447.3889256198346,0.5801250000000002,13.565294117647051
BRAMHANPURI,7.8353179190751465,185.5198255813951,23.065697674418608,472.162485549133,0.5850924855491334,13.566352941176467
BUDIGAVHAN,7.829318181818182,192.38606060606068,23.7968078625954,453.50891472868193,0.5179824242424245,9.814193548387095
BUPKARI,7.968387096774192,233.3590322580645,20.061290322580646,862.2190322580648,0.6396774193548387,22.894193548387104
CHIKHALI BK,7.037166666666662,280.0830952380951,23.74058333333334,463.62971428571433,0.5867500000000003,13.6992
CHIKHALI KH.,7.71295454545455,207.0802272727272,20.48886363636364,325.1044,0.5428555555555555,9.644318181818182
CHIRDE,7.4223750000000015,208.30765432098775,25.68397435897437,552.4890123456792,0.4419250000000002,18.85088888888888
CHIRKHAN,7.686551724137932,210.8668137931035,22.189827586206896,342.1933928571429,0.5117413793103449,20.866551724137935
DAMALDE,7.337634408602151,130.80991304347822,36.41011111111114,468.3631914893617,0.4993260869565218,8.475454545454548
DAMERKHEDA,7.755301204819281,171.94821428571427,13.540952380952392,571.317857142857,0.3650238095238095,16.625121951219505
DARA,6.5768,227.8936,18.587916666666665,291.7981818181818,0.6296000000000002,25.5
DEUR,7.6184693877550975,222.56838383838382,17.2430612244898,589.3787,0.4985999999999999,17.056060606060605
DHAMLAD,8.564324324324325,226.25236842105252,33.505526315789474,539.84,0.5832631578947367,10.883763157894736
DHURKHEDA,7.8420967741935454,239.96516923076928,33.29400000000002,615.1236799999998,0.6964230769230766,8.86435772357724
DONDWADE,7.499042553191487,193.62989010989025,24.618191489361703,538.1214893617024,0.6005319148936168,10.394021739130435
DONGARGAON,7.748060240963852,258.2000000000001,39.30690476190475,660.9273809523808,0.5146987951807227,17.464880952380952
DUDHKHEDA,7.6134999999999975,195.8838888888889,32.04241935483872,314.3306258064516,0.4447870967741937,8.06111111111111
FATTEPUR,7.658141891891887,189.41521283783797,21.526452702702702,415.723322147651,0.4716047297297297,14.512148148148142
FES,7.752875816993459,230.6575288461539,20.943842105263165,557.8272727272723,0.4751548387096775,17.831493506493512
GANOR,7.589428571428579,258.0265030674846,20.117736196318983,671.1820245398764,0.5298036809815942,17.052999999999972
GODIPUR,7.534432989690722,241.27885858585861,21.686117647058825,480.95056565656563,0.5537373737373742,19.56428571428572
GOGAPUR,7.807874999999997,192.88531645569626,22.980135135135136,532.7586419753088,0.5657283950617287,15.883974358974363
HINGANI,7.8031062500000035,189.27111801242242,18.745031446540878,470.98240506329125,0.38921875,13.496583850931682
HOL-GUJARI,7.508173076923076,243.00203883495152,39.043267326732696,911.0567647058824,0.5167735849056604,20.877830188679255
ISALAMPUR,7.641027210884353,208.43391245791244,20.319871527777785,519.7715439189193,0.4606127946127944,20.80044781144781
JAAVADE-T-HAVELI,7.734564102564103,268.5021734693877,23.625854922279785,340.37405128205137,0.4706787564766841,9.66863333333334
JAM,7.9388235294117635,334.18568627450975,38.890468085106384,416.3614117647059,0.5867647058823531,14.95592
JAVKHEDE,7.512544378698224,136.72993288590587,27.784989506172856,472.37203592814416,0.5201999999999997,25.087982248520703
JUNAVANE,7.7248648648648635,271.15264864864866,36.73815789473685,359.1852777777778,0.5373611111111112,15.861815789473688
KAHATUL,7.714518518518521,191.8082407407408,21.422324074074076,606.0445370370368,0.4173611111111112,15.781481481481492
KAKARDE BK,7.7230882352941155,318.39941176470575,34.67400000000002,520.5602985074623,0.5511029411764702,11.68882352941176
KAKARDE KH,7.6771153846153855,326.26818867924527,36.81489361702129,343.6412,0.42743396226415104,12.722115384615385
KALAMBU,7.1274096385542105,215.9469047619049,34.979375000000005,535.5170658682637,0.7649320987654324,2.330443037974685
KALMAD-T-HAVELI,7.824418604651178,261.37809248554976,18.18554913294796,365.95069364161867,0.4429476744186044,12.301744186046507
KALMADI-T-BORAD,7.973142857142855,267.7657142857142,18.65885714285714,297.1297142857142,0.4708571428571429,10.764000000000001
KALSADI,7.7949952153110065,91.26152380952378,19.849095238095234,504.2709333333335,0.4417285714285712,11.272533653846144
KAMARAVAD,7.634090909090908,201.19949315068502,19.081390728476826,373.8598079470198,0.4582884615384614,10.662429487179491
KANADI KH,7.267500000000001,134.6665203252032,33.22265625000001,518.9227242424244,0.7305340909090905,8.870730769230773
KANADI-T-HAVELI,7.714851485148512,218.30737864077668,19.088543689320375,439.15912621359223,0.5557184466019419,18.35941747572815
KANSAI,7.5225723684210495,167.09335570469787,21.49797368421053,512.2766315789473,0.480625,13.543959731543634
KARAJAI,8.007592592592593,220.11654545454545,9.422777777777778,777.8131481481482,0.7692545454545455,19.04181818181818
KARJOT,7.745632075471697,182.99609433962257,20.41161320754717,340.51805825242724,0.5470754716981133,11.36339805825243
KATGHAR,7.817333333333332,329.5801875,26.6400625,377.29875,0.5613333333333334,14.2949375
KATHARDE KH,8.487115384615384,258.43769230769226,28.630816326530624,569.9792307692306,0.5868269230769231,9.051403846153846
KATHARDE-DIGAR,7.8441832460732925,83.29125654450262,19.735935828877,545.9675916230364,0.4809842931937171,9.359415789473683
KAUTHAL-T-SARANGKHEDA,7.87375,232.00791666666663,20.330416666666668,317.05473684210534,0.6050000000000001,9.261250000000002
KAUTHAL-T-SHAHADE,7.609545454545453,262.2696666666667,19.26955056179775,418.5402298850572,0.5346896551724138,11.608222222222226
KAVALITH,7.7267964071856285,226.68480891719744,22.65542168674697,463.2834878048784,0.4969518072289156,9.389153374233127
KHAPARKHEDA,7.081333333333334,176.03333333333333,19.60571428571429,342.62666666666667,0.6458666666666667,16.562
KHARGAON,7.455813953488371,203.6793953488372,32.48166666666667,346.9411904761905,0.4806904761904763,9.783953488372092
KHED-DIGAR,7.731724137931037,226.80678125000026,22.870781249999983,628.9050312499992,0.5534531249999993,19.972857142857134
KOCHARE,7.544565217391303,232.83148936170213,17.56659574468085,596.5597826086955,0.4831914893617021,17.10595744680851
KONDAVAL,7.668015873015878,217.8273544973544,20.84381172413792,470.33288126649114,0.4137962962962972,14.638839050131853
KOTBANDHANI,6.863703703703704,128.77296296296302,57.23222222222223,378.56,0.8766666666666667,26.76518518518519
KOTHALI-T-HAVELI,7.6250877192982465,235.12947368421047,21.38250000000001,609.0649122807017,0.6007692307692308,9.4675
KOTHALI-T-SARANGKHEDA,7.618520710059178,238.1876470588236,21.898210526315783,658.9138823529412,0.4818647058823528,17.039660818713468
KUDHAVAD,7.744275675675674,199.7225086294416,19.787835051546395,515.5374736842107,0.5342842639593908,15.379453038674018
KUKAVAL,7.756896551724139,223.98517241379304,20.345964912280703,545.1972413793104,0.419206896551724,14.125000000000002
KURANGI,7.857222222222222,287.3311111111113,18.903333333333357,525.5532777777777,0.5454929577464789,14.472638888888895
KUSUMWADE,7.732500000000003,317.95227272727266,25.05741818181818,617.5290909090909,0.6819090909090908,17.24503773584906
LACHORE,7.586521739130435,183.78565217391295,31.549545454545456,440.99975000000006,0.5782222222222223,5.9602272727272725
LAKKADKOT,7.612638888888887,183.40993103448272,22.180138888888887,550.7691724137933,0.4692083333333332,14.418206896551721
LAMBOLE,7.759377289377282,201.95447368421063,20.353161764705888,520.293302564102,0.4504175824175822,10.797583657587543
LANGADI-BHAVANI,7.6896165413533835,38.638888888888886,22.280071428571436,388.92417266187033,0.5131726618705037,10.950999999999995
LOHARE,7.62549677419355,1.6973333333333334,23.07246753246753,487.72019480519475,0.5658709677419352,13.096520270270275
LONDHARE,7.798113207547168,85.58321145374445,16.76099547511312,347.97433035714295,0.6553171806167403,12.59439380530973
MADKANI,7.290588235294117,201.60896153846156,32.100941176470606,377.8950943396226,0.6786111111111109,22.77851851851852
MALGAON,7.723333333333333,184.96451612903232,22.356645161290327,479.388253968254,0.5296774193548389,11.602758620689654
MANARAD,7.640212765957448,200.9282608695652,18.98382978723404,673.6665217391303,0.4754255319148937,13.33127659574468
MANDANE,7.6013478260869585,173.31913043478264,20.617826086956534,525.2940579710145,0.6392028985507245,14.281362318840586
MANMODYA,4.726702380952383,125.68386666666665,20.33785714285715,518.6859523809524,0.3862195121951221,15.64033333333334
MATKUT,7.585128205128206,188.21035897435897,20.78891891891892,366.0163157894737,0.6724166666666667,8.47871794871795
MHASAVAD,7.738724137931027,241.26807560137456,23.1378273381295,515.2792130584194,0.4904027777777784,15.767748275862038
MOHIDE-T-SHAHADE,7.709375000000001,206.21633928571438,21.896576576576575,368.50728971962616,0.4283125,10.338899082568807
MOHINDE-T-HAVELI,7.710709219858151,225.62433566433566,22.198478260869546,488.1558333333333,0.4842253521126759,18.16027972027972
MUBARAKPUR,7.722589285714286,208.6485840707964,20.497410714285714,561.4140178571429,0.5334247787610619,15.073805309734515
NANDARDE,7.730139664804468,54.71030555555559,20.52807865168541,453.2612222222222,0.4421528729281768,10.792681564245806
NANDYA,7.744545454545454,201.09272727272727,20.957272727272727,325.708,0.4573809523809525,12.085
NAVANAGAR,7.603862068965522,0.0,20.560000000000006,375.6174751773049,0.42032624113475175,14.2231724137931
NEW-ASLOD,7.822368421052633,400.41538461538477,39.61442105263159,351.0832432432433,0.4987179487179487,17.59694871794871
OZARTE,7.413599999999999,94.17719999999996,66.62461538461538,439.88375,0.5509615384615383,13.854166666666664
PADALDE-BK,7.787575221238934,146.5150892857143,44.73877917431194,414.2896272727272,0.5210720720720721,4.016017391304347
PADALDE-KH.,7.807715596330276,196.295,23.09587155963302,363.5496226415095,0.41600000000000004,11.367407407407413
PALASVADE,8.299629629629631,169.7000740740741,18.212222222222227,565.37,0.5798148148148149,14.2145
PARI,7.633852941176469,189.76823529411763,34.1854375,559.4167999999999,0.7417999999999997,10.35362068965517
PIMPARDE,7.607696335078533,169.60696335078512,19.704609374999983,535.3647668393784,0.4545156249999996,13.906562499999993
PRAKASHA,8.248648648648652,150.84805405405402,27.388630136986304,601.9487671232877,0.487972972972973,11.84457534246575
PURUSHOTTAMNAGAR,7.621534883720927,232.8381395348838,17.856829268292678,263.3602439024391,0.6828571428571427,20.519756097560986
PUSANAD,7.655089285714286,262.7560176991151,26.026194690265484,853.4616666666676,0.5637345132743361,13.038558558558554
RAIKHED,7.752142857142865,190.51919642857158,20.393571428571416,637.1949107142863,0.4206696428571423,14.129669642857158
RANIPUR,7.503124999999999,172.19412698412697,26.370645161290327,562.0880645161292,0.5209523809523811,15.869032258064516
SARANGKHEDA,7.682804878048782,195.29447852760742,18.324207317073164,454.27363636363634,0.5113575757575756,10.416848484848488
SASADE,7.826666666666667,197.1567924528302,18.74096153846154,451.216111111111,0.5588796296296297,9.925185185185184
SAWAKHEDA,7.475660377358488,261.308849557522,29.589380530973465,653.7784464285712,0.5423893805309735,15.670863636363634
SHAHANE,7.606125,195.25664935064927,29.057179487179475,272.38535211267606,0.640198717948718,7.804400000000001
SHELTI,7.764102564102564,161.8784615384615,18.293333333333337,474.509,0.4781750000000001,10.982972972972977
SHIRUD-T-HAVELI,7.864761904761906,311.06136363636364,25.484,747.1145454545455,0.6481818181818182,15.474545454545453
SHRIKHED,7.762300000000002,189.30183838383823,18.8975,463.3695,0.5566060606060608,14.922244897959194
SONVAD-T-S,7.692571428571428,209.54556603773585,22.379320388349512,1251.8647368421048,0.4359905660377357,11.697574257425742
SONVAL-T-BORAD,7.701698924731182,216.83246892655373,20.71656216216217,467.08021621621606,0.5172173913043479,11.7525945945946
SONVAL-T-HAVELI,7.593333333333334,156.02266666666668,57.84333333333333,540.13,0.8873076923076924,7.584
SULTANPUR,7.613088235294117,278.28833333333307,33.53923437499999,498.0251386138617,0.51959900990099,13.961916256157634
SULWADE,7.595265957446807,296.39666666666665,34.294719101123604,558.0322727272728,0.7250531914893614,13.706702127659574
TALAVADI,7.716136363636366,181.79272727272732,19.870116279069773,580.876136363636,0.4308045977011496,15.627103448275854
TARHADI-T-BORAD,7.7127297297297295,191.206178343949,28.67808333333334,664.5955986842107,0.6244371951219514,8.090899378881991
TAWALAI,7.163898305084742,150.90017241379306,27.393770491803288,384.6583606557377,0.38477049180327866,23.40165000000001
TEMBHALI,7.6756097560975585,253.0321951219512,53.498292682926845,566.4890243902438,0.5711249999999999,10.40325
TEMBHE-T-S,7.788546255506617,220.8875770925111,18.42845,586.4389698689959,0.4456184210526318,16.00410526315788
THENGCHE,7.776410256410255,252.9425,36.06384615384616,858.1536842105263,0.782,6.739999999999998
TIDHARE,7.411724137931034,130.49037037037036,41.457535714285726,605.6373333333335,0.5925000000000001,5.275666666666668
TITARI,7.5322857142857185,0.0,23.021276595744663,428.21185714285696,0.4550709219858154,12.577842857142857
TORKHEDA,7.7134561403508926,203.27936842105296,20.698098245614013,531.9303796491229,0.4116105263157893,15.022145390070907
TUKI,7.267058823529411,187.96588235294118,29.6725,719.9,0.7605882352941177,5.6928125000000005
UDHALOD,7.597431192660545,0.0,37.27112727272728,707.0669724770639,0.595810810810811,20.326756756756748
UKHALSHEM,7.586363636363639,230.96681818181816,22.26409090909091,536.4327272727273,0.4922727272727274,17.56954545454545
UMARTI,7.0428000000000015,219.9079166666667,24.570000000000004,439.0276000000002,0.7416000000000001,19.19590909090909
UNTAVAD,7.792045454545454,113.32663636363635,41.97477272727272,1039.5665116279072,0.5103488372093025,15.211136363636365
VADCHHIL,7.9092727272727315,208.4205849056604,29.501308411214943,335.5499999999998,0.5940851851851853,6.694127272727273
VADGAON,7.788769230769231,203.55269230769218,20.762615384615373,550.0797784615386,0.4867286821705427,11.537692307692303
VAIJALI,7.659293814432996,76.74365979381437,21.402094240837684,474.113711340206,0.4506958762886598,12.779689119170964
VARDE,7.953461538461541,276.8878431372549,23.035882352941176,600.3321153846152,0.4699423076923077,11.455076923076927
VARUL-T-S,7.74694594594594,68.45551182795695,21.596054054054054,540.7461621621621,0.4553897849462363,9.227010869565216
WADI,7.895111111111113,295.0575555555555,36.98688888888889,326.10066666666677,0.6190227272727272,10.103658536585368
WAGHARDE,7.52125925925926,0.0,21.71962686567165,454.6877238805968,0.4321804511278195,11.635373134328365
WELAVAD,7.656097560975607,193.3835,16.403749999999995,495.7863414634146,0.4513414634146342,9.815384615384616
AMALED,7.618868237885457,220.2381400437636,16.84898901098903,264.8234085778782,0.6197264770240699,20.074116222760306
AMALPADA,7.419032258064518,216.55451612903224,24.181612903225805,527.241935483871,0.4564838709677418,18.626451612903224
AMONI,7.552173913043479,169.65318181818182,17.713478260869568,470.9494736842106,0.4531304347826087,12.44565217391304
ASHTE TARF BORAD,7.842903225806452,158.7935593220339,15.937903225806453,485.66677419354835,0.3229999999999999,7.877049180327867
BELIPADA,7.738510638297869,268.0851063829787,37.415319148936184,646.2638297872339,0.3829787234042553,0.5493617021276596
BIYAMAL,7.89,370.06666666666666,37.51199999999999,360.0,0.5286666666666667,0.6333333333333332
BORAD,7.634744376278128,239.66865580448086,17.067889344262312,264.59359336099595,0.6147040816326539,19.9632375
BUDHAVALI,7.733728813559322,289.40983606557376,33.62245901639345,519.9737704918033,0.41344262295081946,0.6198360655737706
CHAUGAON BK,7.65820512820513,341.425,35.798875,544.6560000000002,0.48775,0.628875
CHAUGAON KH,7.524285714285713,142.5307692307692,14.979230769230773,486.02571428571434,0.5184615384615385,10.557857142857145
CHHOTADHANPUR,7.587179487179487,176.94769230769234,14.815714285714288,441.7677777777778,0.4567435897435898,4.621578947368422
CHINODE,7.39031007751938,187.7436641221373,14.901603053435114,252.85145038167948,0.5976908396946564,16.755968992248068
DALELPUR,7.4527777777777775,166.25,11.191111111111107,463.6944444444445,0.5705555555555555,6.737500000000002
DASWAD,7.9218478260869585,287.9891304347826,34.751956521739125,646.142608695652,0.41141304347826096,0.5997826086956524
DHANORE,7.3459016393442615,157.51031250000003,12.19333333333333,434.59375,0.4418749999999999,6.58484375
DHANPUR,6.599777777777778,294.1555555555556,29.39311111111112,503.85066666666654,0.4202222222222224,0.6646666666666668
GADHAVALI,7.552222222222222,167.07037037037037,12.421111111111115,419.4977777777778,0.5566666666666665,6.22111111111111
GOPALPUR,7.515529411764701,162.55822485207105,12.370754716981132,431.4862264150944,0.4609411764705881,7.869397590361445
HALALPUR,7.476785714285714,158.7464285714286,10.635090909090913,227.0577358490566,0.4842857142857144,13.981296296296296
ICHHAGAVHAN,7.3918750000000015,155.115625,13.753333333333336,288.83625,0.3171428571428572,17.06142857142857
JUWANI (F),7.608285714285714,192.65,12.42,492.44129032258064,0.3951428571428571,5.946857142857143
KADHEL,7.837471264367817,209.13908045977016,16.96151162790698,437.31860465116296,0.4304597701149426,4.928735632183907
KAKALPUR,7.420400000000001,173.84399999999997,15.013599999999995,470.77999999999986,0.4571200000000001,11.766799999999995
KALAMSARE,8.001573033707865,233.1262068965516,19.602471910112367,361.60373493975914,0.4913068181818179,4.0423033707865175
KARDE,7.807407407407408,256.76,35.05185185185185,538.1362962962961,0.3748,0.6153846153846154
KAZIPUR TALAWADI,7.604130434782611,213.97720212765952,15.543804347826082,307.86684782608694,0.5536702127659571,16.26
KHEDALE,7.0989247311827945,350.15053763440864,36.84505376344085,525.1716129032258,0.5002150537634411,0.5813978494623658
KHUSGAVHAN,7.745816326530613,254.57142857142856,35.785353535353515,493.43619999999993,0.3636734693877551,0.6065000000000002
KOTHAR,7.60450980392157,163.65765957446808,14.00056818181818,446.4710204081632,0.4237499999999999,5.458627450980394
LAKHAPUR (REV),7.7139316239316225,347.5882352941177,36.22756302521008,527.5482352941175,0.4965546218487396,0.607563025210084
LAKHAPUR(F),7.549500000000003,164.527875,12.23525,458.0,0.5292727272727269,7.822000000000008
MALDE,7.74222222222222,211.64703703703708,25.011851851851848,443.15166666666664,0.4353703703703704,5.822962962962964
MENDHWAD,7.418181818181817,206.0494545454545,19.385818181818188,503.99607142857116,0.4474107142857144,23.08538461538461
MOD,7.638036363636358,171.4612962962963,13.610458015267195,448.3659541984733,0.4101272727272728,10.52141818181818
MODALPADA,7.532187499999999,144.94875,18.086071428571426,601.8825,0.3246666666666667,17.359687500000003
MOHIDA,8.072588235294122,301.0,33.42600000000001,633.9199999999997,0.4300000000000002,0.6398888888888888
MORWAD,7.652013888888884,193.03472222222226,19.13188811188812,484.89129032258074,0.3972727272727275,4.330972222222221
NALGAVHAN,7.459218749999998,240.39546875000005,25.05203125000001,587.2924999999998,0.5036507936507936,15.830322580645158
NARMADANAGAR,7.664847457627107,176.8918243243243,12.968030888030887,444.7668840579709,0.4652711864406774,9.270535593220336
NYUBAN,7.742391304347826,220.96391304347833,21.765652173913043,367.4902222222223,0.4708695652173912,18.495217391304344
PADALPUR,7.500600000000004,179.0671212121212,12.689491525423731,445.6469696969697,0.4435483870967745,11.885942028985502
PIMPARPADA,7.873333333333335,140.84176470588238,13.720769230769232,458.41705882352943,0.3410588235294118,17.804999999999996
RANAPUR,7.799759036144577,273.07228915662654,29.11081927710845,469.5971084337349,0.4728915662650602,2.3580722891566266
RATANPADA,7.4369879518072315,162.41234567901236,11.65840000000001,438.30149068322993,0.4932530120481923,7.177803030303037
REVANAGAR,7.606066350710888,167.51233333333332,15.492079207920787,470.5467149758455,0.4417904761904765,11.356587677725132
ROZAVE,7.355631147540986,181.85375999999994,12.663070866141734,255.0438888888889,0.5986614173228345,17.376910569105686
SARDARNAGAR,7.5477310924369725,169.55211864406783,14.31565217391304,488.5349056603774,0.3996949152542376,10.707899159663857
SATONE,7.751891891891893,197.48986486486484,18.807123287671235,643.8905405405404,0.401986301369863,24.630270270270287
SAWARPADA,7.712380952380951,261.3333333333333,36.91761904761905,490.88,0.37333333333333335,0.5795238095238096
SELINGPUR,7.6160869565217375,251.55783913043484,10.316351351351349,537.6602608695654,0.4113493449781658,7.996434782608698
SHELWAI,7.550689655172416,174.2038709677419,13.516333333333332,476.596,0.4569354838709677,10.141666666666667
SORAPADA,7.919375,284.9411764705883,36.692058823529415,492.14117647058816,0.4070588235294118,0.6167647058823529
TALVE,7.814491525423728,282.135593220339,34.8770338983051,571.4277966101697,0.4030508474576269,0.5510169491525426
TARHAVAD,7.702983870967745,299.3629032258065,34.095666666666666,328.79127272727277,0.4276612903225807,0.6954471544715449
UMARKUWA,7.429166666666667,208.65833333333333,14.73181818181818,485.7716666666668,0.4091666666666667,14.609166666666667
UMRI,7.774799999999999,165.49320000000014,20.001679999999997,484.38412698412696,0.3571599999999999,15.747142857142858
